,,,,,,Afghanistan,Albania,Algeria,American Samoa,Andorra,Angola,Antigua and Barbuda,Argentina,Armenia,Aruba,Australia,Austria,Azerbaijan,"Bahamas, The",Bahrain,Bangladesh,Barbados,Belarus,Belgium,Belize,Benin,Bermuda,Bhutan,Bolivia,Bosnia and Herzegovina,Botswana,Brazil,British Virgin Islands,Brunei Darussalam,Bulgaria,Burkina Faso,Burundi,Cabo Verde,Cambodia,Cameroon,Canada,Cayman Islands,Central African Republic,Chad,Channel Islands,Chile,China,Colombia,Comoros,"Congo, Dem. Rep.","Congo, Rep.",Costa Rica,Cote d'Ivoire,Croatia,Cuba,Curacao,Cyprus,Czechia,Denmark,Djibouti,Dominica,Dominican Republic,Ecuador,"Egypt, Arab Rep.",El Salvador,Equatorial Guinea,Eritrea,Estonia,Eswatini,Ethiopia,Faroe Islands,Fiji,Finland,France,French Polynesia,Gabon,"Gambia, The",Georgia,Germany,Ghana,Gibraltar,Greece,Greenland,Grenada,Guam,Guatemala,Guinea,Guinea-Bissau,Guyana,Haiti,Honduras,"Hong Kong SAR, China",Hungary,Iceland,India,Indonesia,"Iran, Islamic Rep.",Iraq,Ireland,Isle of Man,Israel,Italy,Jamaica,Japan,Jordan,Kazakhstan,Kenya,Kiribati,"Korea, Dem. People's Rep.","Korea, Rep.",Kosovo,Kuwait,Kyrgyz Republic,Lao PDR,Latvia,Lebanon,Lesotho,Liberia,Libya,Liechtenstein,Lithuania,Luxembourg,"Macao SAR, China",Madagascar,Malawi,Malaysia,Maldives,Mali,Malta,Marshall Islands,Mauritania,Mauritius,Mexico,"Micronesia, Fed. Sts.",Moldova,Monaco,Mongolia,Montenegro,Morocco,Mozambique,Myanmar,Namibia,Nauru,Nepal,Netherlands,New Caledonia,New Zealand,Nicaragua,Niger,Nigeria,North Macedonia,Northern Mariana Islands,Norway,Oman,Pakistan,Palau,Panama,Papua New Guinea,Paraguay,Peru,Philippines,Poland,Portugal,Puerto Rico,Qatar,Romania,Russian Federation,Rwanda,Samoa,San Marino,Sao Tome and Principe,Saudi Arabia,Senegal,Serbia,Seychelles,Sierra Leone,Singapore,Sint Maarten (Dutch part),Slovak Republic,Slovenia,Solomon Islands,Somalia,South Africa,South Sudan,Spain,Sri Lanka,St. Kitts and Nevis,St. Lucia,St. Martin (French part),St. Vincent and the Grenadines,Sudan,Suriname,Sweden,Switzerland,Syrian Arab Republic,Taiwan,Tajikistan,Tanzania,Thailand,Timor-Leste,Togo,Tonga,Trinidad and Tobago,Tunisia,Turkiye,Turkmenistan,Turks and Caicos Islands,Tuvalu,Uganda,Ukraine,United Arab Emirates,United Kingdom,United States,Uruguay,Uzbekistan,Vanuatu,"Venezuela, RB",Viet Nam,Virgin Islands (U.S.),West Bank and Gaza,"Yemen, Rep.",Zambia,Zimbabwe,
,Topic,Category,Location,Impact,Units,South Asia,Europe & Central Asia,Middle East & North Africa,East Asia & Pacific,Europe & Central Asia,Sub-Saharan Africa,Latin America & Caribbean,Latin America & Caribbean,Europe & Central Asia,Latin America & Caribbean,East Asia & Pacific,Europe & Central Asia,Europe & Central Asia,Latin America & Caribbean,Middle East & North Africa,South Asia,Latin America & Caribbean,Europe & Central Asia,Europe & Central Asia,Latin America & Caribbean,Sub-Saharan Africa,North America,South Asia,Latin America & Caribbean,Europe & Central Asia,Sub-Saharan Africa,Latin America & Caribbean,Latin America & Caribbean,East Asia & Pacific,Europe & Central Asia,Sub-Saharan Africa,Sub-Saharan Africa,Sub-Saharan Africa,East Asia & Pacific,Sub-Saharan Africa,North America,Latin America & Caribbean,Sub-Saharan Africa,Sub-Saharan Africa,Europe & Central Asia,Latin America & Caribbean,East Asia & Pacific,Latin America & Caribbean,Sub-Saharan Africa,Sub-Saharan Africa,Sub-Saharan Africa,Latin America & Caribbean,Sub-Saharan Africa,Europe & Central Asia,Latin America & Caribbean,Latin America & Caribbean,Europe & Central Asia,Europe & Central Asia,Europe & Central Asia,Middle East & North Africa,Latin America & Caribbean,Latin America & Caribbean,Latin America & Caribbean,Middle East & North Africa,Latin America & Caribbean,Sub-Saharan Africa,Sub-Saharan Africa,Europe & Central Asia,Sub-Saharan Africa,Sub-Saharan Africa,Europe & Central Asia,East Asia & Pacific,Europe & Central Asia,Europe & Central Asia,East Asia & Pacific,Sub-Saharan Africa,Sub-Saharan Africa,Europe & Central Asia,Europe & Central Asia,Sub-Saharan Africa,Europe & Central Asia,Europe & Central Asia,Europe & Central Asia,Latin America & Caribbean,East Asia & Pacific,Latin America & Caribbean,Sub-Saharan Africa,Sub-Saharan Africa,Latin America & Caribbean,Latin America & Caribbean,Latin America & Caribbean,East Asia & Pacific,Europe & Central Asia,Europe & Central Asia,South Asia,East Asia & Pacific,Middle East & North Africa,Middle East & North Africa,Europe & Central Asia,Europe & Central Asia,Middle East & North Africa,Europe & Central Asia,Latin America & Caribbean,East Asia & Pacific,Middle East & North Africa,Europe & Central Asia,Sub-Saharan Africa,East Asia & Pacific,East Asia & Pacific,East Asia & Pacific,Europe & Central Asia,Middle East & North Africa,Europe & Central Asia,East Asia & Pacific,Europe & Central Asia,Middle East & North Africa,Sub-Saharan Africa,Sub-Saharan Africa,Middle East & North Africa,Europe & Central Asia,Europe & Central Asia,Europe & Central Asia,East Asia & Pacific,Sub-Saharan Africa,Sub-Saharan Africa,East Asia & Pacific,South Asia,Sub-Saharan Africa,Middle East & North Africa,East Asia & Pacific,Sub-Saharan Africa,Sub-Saharan Africa,Latin America & Caribbean,East Asia & Pacific,Europe & Central Asia,Europe & Central Asia,East Asia & Pacific,Europe & Central Asia,Middle East & North Africa,Sub-Saharan Africa,East Asia & Pacific,Sub-Saharan Africa,East Asia & Pacific,South Asia,Europe & Central Asia,East Asia & Pacific,East Asia & Pacific,Latin America & Caribbean,Sub-Saharan Africa,Sub-Saharan Africa,Europe & Central Asia,East Asia & Pacific,Europe & Central Asia,Middle East & North Africa,South Asia,East Asia & Pacific,Latin America & Caribbean,East Asia & Pacific,Latin America & Caribbean,Latin America & Caribbean,East Asia & Pacific,Europe & Central Asia,Europe & Central Asia,Latin America & Caribbean,Middle East & North Africa,Europe & Central Asia,Europe & Central Asia,Sub-Saharan Africa,East Asia & Pacific,Europe & Central Asia,Sub-Saharan Africa,Middle East & North Africa,Sub-Saharan Africa,Europe & Central Asia,Sub-Saharan Africa,Sub-Saharan Africa,East Asia & Pacific,Latin America & Caribbean,Europe & Central Asia,Europe & Central Asia,East Asia & Pacific,Sub-Saharan Africa,Sub-Saharan Africa,Sub-Saharan Africa,Europe & Central Asia,South Asia,Latin America & Caribbean,Latin America & Caribbean,Latin America & Caribbean,Latin America & Caribbean,Sub-Saharan Africa,Latin America & Caribbean,Europe & Central Asia,Europe & Central Asia,Middle East & North Africa,East Asia & Pacific,Europe & Central Asia,Sub-Saharan Africa,East Asia & Pacific,East Asia & Pacific,Sub-Saharan Africa,East Asia & Pacific,Latin America & Caribbean,Middle East & North Africa,Europe & Central Asia,Europe & Central Asia,Latin America & Caribbean,East Asia & Pacific,Sub-Saharan Africa,Europe & Central Asia,Middle East & North Africa,Europe & Central Asia,North America,Latin America & Caribbean,Europe & Central Asia,East Asia & Pacific,Latin America & Caribbean,East Asia & Pacific,Latin America & Caribbean,Middle East & North Africa,Middle East & North Africa,Sub-Saharan Africa,Sub-Saharan Africa,Reference
,Land Conversion,Wheat - conventional,N/A for LULC,Lost Ecosystem Services,/ha,"12,573.76","313,052.78","54,913.59","443,056.77","830,225.14","62,924.83","149,312.80","200,017.61","238,531.66","5,223,272.38","248,021.08","1,168,171.32","1,342,739.82","1,614,982.90","57,939.51","516,497.25","35,602.76","401,055.41","709,355.57","517,697.47","51,593.14","1,014,878.03","239,098.77","238,881.79","382,740.58","196,236.11","282,143.92","195,107.21","663,297.22","440,421.35","39,765.29","134,822.14","318,873.68","318,974.58","206,706.48","580,361.64","2,764,523.00","52,765.91","26,100.17","1,453,785.65","281,044.25","263,779.53","320,969.69","313,551.94","169,121.62","235,282.90","409,674.08","191,041.50","686,962.93","529,041.85","2,355,500.59","681,567.11","754,092.46","935,649.17","7,685.47","282,035.00","426,902.22","369,161.95","203,518.18","317,918.53","398,610.70","55,285.03","668,473.45","149,568.53","95,639.75","602,544.56","343,077.93","693,250.95","785,832.78","487,130.36","327,370.31","137,135.10","303,431.81","1,003,070.01","164,102.60","528,209.02","435,177.14","220,231.45","348,464.85","422,887.99","351,375.54","111,853.87","325,914.54","370,538.48","311,438.69","275,346.43","418,884.76","607,646.58","544,487.78","257,816.04","398,150.30","157,625.81","142,823.51","1,202,601.48","1,005,276.25","227,379.33","827,409.34","401,457.91","593,634.03","33,680.91","256,050.57","122,661.57","315,066.65","94,135.14","730,637.51","322,931.71","50,947.56","94,203.73","327,574.30","566,936.21","164,881.64","42,503.01","323,505.69","29,473.56","1,467,915.95","705,038.35","1,156,991.62","424,831.06","246,683.56","179,591.29","460,974.60","407,236.39","43,973.28","574,092.29","330,593.76","27,581.48","429,479.19","228,370.82","334,369.02","332,646.14","528,209.02","63,391.57","424,263.00","158,915.28","111,948.15","333,435.54","45,493.00","344,534.99","163,256.95","851,342.17","435,096.85","480,195.38","390,682.58","18,073.54","140,052.87","418,257.03","429,722.10","723,121.79","50,288.34","35,511.05","354,673.12","527,044.61","319,229.40","170,705.49","263,854.57","346,725.54","731,937.83","570,511.09","425,659.91","94,485.99","682,978.14","438,291.33","166,377.62","338,771.07","672,145.16","322,992.45","49,648.10","61,775.52","437,960.22","273,812.37","310,989.99","546,757.39","843,247.68","738,943.58","885,081.95","317,562.94","36,287.75","89,888.04","215,175.96","603,631.76","366,347.54","2,854,029.09","403,773.27","1,181,941.70","982,472.91","29,510.17","396,462.81","777,108.22","1,280,873.60","48,078.97","422,513.31","62,582.44","156,405.90","430,415.13","332,893.09","71,374.67","347,135.79","548,543.50","212,390.95","449,915.57","297,826.93","1,493,844.20","334,275.97","180,166.89","251,349.50","74,624.78","756,394.30","695,026.58","143,089.30","87,940.76","322,441.30","276,575.97","447,727.03","198,543.40","143,345.23","4,339.91","127,015.44","44,941.62",Land Conversion_Wheat - conventional_N/A for LULC_Lost Ecosystem Services
,Land Conversion,"Vegetables, fruit, nuts - conventional",N/A for LULC,Lost Ecosystem Services,/ha,"14,424.09","321,108.81","61,911.24","441,229.58","846,450.72","72,963.04","152,211.54","234,899.45","251,918.03","5,332,929.80","266,939.42","1,186,200.37","1,831,501.16","1,646,126.97","60,997.75","522,764.68","35,416.83","409,126.85","719,493.98","517,541.52","59,972.03","1,034,684.96","244,997.33","254,232.91","393,613.39","252,816.10","291,026.73","195,509.08","661,731.43","452,308.13","47,305.47","150,705.17","324,848.18","326,132.35","212,812.96","635,710.11","2,822,582.84","58,215.80","32,142.69","1,482,411.68","289,517.62","289,855.35","320,455.92","310,931.87","171,660.48","237,095.51","409,833.32","197,227.99","694,971.71","564,220.49","2,406,427.12","737,870.11","761,841.84","952,682.79","8,449.79","280,724.23","432,601.58","374,600.81","272,426.24","321,807.57","397,668.84","61,363.97","682,493.41","163,263.75","103,158.52","663,566.17","341,897.66","726,993.49","801,008.18","485,779.73","331,739.25","146,197.18","310,876.02","1,017,209.69","172,519.08","539,532.29","471,307.88","244,920.61","346,805.21","420,421.57","352,588.53","117,990.51","337,865.56","369,629.57","315,474.65","277,955.17","424,745.71","623,117.96","627,433.31","272,869.11","397,138.28","192,311.95","184,771.21","1,341,980.32","1,024,891.86","240,199.76","846,821.53","401,493.97","610,546.23","36,750.34","326,643.10","137,702.11","320,631.23","98,622.74","748,896.45","329,082.61","53,686.64","113,849.23","327,988.04","577,912.92","186,172.44","49,882.66","322,818.52","32,004.09","1,494,114.31","719,284.49","1,172,056.61","430,763.95","248,551.20","231,366.79","459,344.06","405,864.05","54,977.17","586,439.43","330,365.48","32,711.95","427,544.82","237,117.48","333,897.92","342,478.68","539,532.29","69,625.23","433,206.88","165,247.76","126,019.82","337,941.34","54,807.90","343,334.75","168,387.12","866,294.91","436,761.92","494,778.55","398,826.79","22,024.71","152,169.93","428,526.72","428,001.99","772,066.71","54,234.06","39,080.17","354,091.19","526,442.32","318,814.15","186,258.50","265,887.29","345,401.98","743,835.56","620,128.68","424,172.76","99,212.45","696,728.84","474,288.44","172,926.34","337,693.67","685,122.74","323,712.69","52,327.86","70,807.05","445,406.71","273,238.77","310,631.50","544,996.42","850,687.03","748,907.14","896,534.76","315,932.40","41,443.74","97,588.81","275,056.88","636,701.58","370,345.66","2,864,917.00","402,337.96","1,192,872.87","978,350.68","34,639.95","395,168.63","835,794.66","1,298,004.67","54,096.03","427,337.55","72,010.58","187,176.38","437,251.74","337,175.74","78,719.42","346,020.65","545,993.80","273,996.46","463,228.53","401,762.31","1,525,692.40","333,103.89","214,202.07","261,677.02","78,481.00","773,574.90","767,077.09","159,867.46","112,005.99","321,341.30","280,686.21","452,672.51","204,380.99","146,266.89","4,951.48","158,698.40","52,879.78","Land Conversion_Vegetables, fruit, nuts - conventional_N/A for LULC_Lost Ecosystem Services"
,Land Conversion,"Cereals, grains - conventional",N/A for LULC,Lost Ecosystem Services,/ha,"12,573.76","313,052.78","54,913.59","443,056.77","830,225.14","62,924.83","149,312.80","200,017.61","238,531.66","5,223,272.38","248,021.08","1,168,171.32","1,342,739.82","1,614,982.90","57,939.51","516,497.25","35,602.76","401,055.41","709,355.57","517,697.47","51,593.14","1,014,878.03","239,098.77","238,881.79","382,740.58","196,236.11","282,143.92","195,107.21","663,297.22","440,421.35","39,765.29","134,822.14","318,873.68","318,974.58","206,706.48","580,361.64","2,764,523.00","52,765.91","26,100.17","1,453,785.65","281,044.25","263,779.53","320,969.69","313,551.94","169,121.62","235,282.90","409,674.08","191,041.50","686,962.93","529,041.85","2,355,500.59","681,567.11","754,092.46","935,649.17","7,685.47","282,035.00","426,902.22","369,161.95","203,518.18","317,918.53","398,610.70","55,285.03","668,473.45","149,568.53","95,639.75","602,544.56","343,077.93","693,250.95","785,832.78","487,130.36","327,370.31","137,135.10","303,431.81","1,003,070.01","164,102.60","528,209.02","435,177.14","220,231.45","348,464.85","422,887.99","351,375.54","111,853.87","325,914.54","370,538.48","311,438.69","275,346.43","418,884.76","607,646.58","544,487.78","257,816.04","398,150.30","157,625.81","142,823.51","1,202,601.48","1,005,276.25","227,379.33","827,409.34","401,457.91","593,634.03","33,680.91","256,050.57","122,661.57","315,066.65","94,135.14","730,637.51","322,931.71","50,947.56","94,203.73","327,574.30","566,936.21","164,881.64","42,503.01","323,505.69","29,473.56","1,467,915.95","705,038.35","1,156,991.62","424,831.06","246,683.56","179,591.29","460,974.60","407,236.39","43,973.28","574,092.29","330,593.76","27,581.48","429,479.19","228,370.82","334,369.02","332,646.14","528,209.02","63,391.57","424,263.00","158,915.28","111,948.15","333,435.54","45,493.00","344,534.99","163,256.95","851,342.17","435,096.85","480,195.38","390,682.58","18,073.54","140,052.87","418,257.03","429,722.10","723,121.79","50,288.34","35,511.05","354,673.12","527,044.61","319,229.40","170,705.49","263,854.57","346,725.54","731,937.83","570,511.09","425,659.91","94,485.99","682,978.14","438,291.33","166,377.62","338,771.07","672,145.16","322,992.45","49,648.10","61,775.52","437,960.22","273,812.37","310,989.99","546,757.39","843,247.68","738,943.58","885,081.95","317,562.94","36,287.75","89,888.04","215,175.96","603,631.76","366,347.54","2,854,029.09","403,773.27","1,181,941.70","982,472.91","29,510.17","396,462.81","777,108.22","1,280,873.60","48,078.97","422,513.31","62,582.44","156,405.90","430,415.13","332,893.09","71,374.67","347,135.79","548,543.50","212,390.95","449,915.57","297,826.93","1,493,844.20","334,275.97","180,166.89","251,349.50","74,624.78","756,394.30","695,026.58","143,089.30","87,940.76","322,441.30","276,575.97","447,727.03","198,543.40","143,345.23","4,339.91","127,015.44","44,941.62","Land Conversion_Cereals, grains - conventional_N/A for LULC_Lost Ecosystem Services"
,Land Conversion,Oilseeds - conventional,N/A for LULC,Lost Ecosystem Services,/ha,"12,573.76","313,052.78","54,913.59","443,056.77","830,225.14","62,924.83","149,312.80","200,017.61","238,531.66","5,223,272.38","248,021.08","1,168,171.32","1,342,739.82","1,614,982.90","57,939.51","516,497.25","35,602.76","401,055.41","709,355.57","517,697.47","51,593.14","1,014,878.03","239,098.77","238,881.79","382,740.58","196,236.11","282,143.92","195,107.21","663,297.22","440,421.35","39,765.29","134,822.14","318,873.68","318,974.58","206,706.48","580,361.64","2,764,523.00","52,765.91","26,100.17","1,453,785.65","281,044.25","263,779.53","320,969.69","313,551.94","169,121.62","235,282.90","409,674.08","191,041.50","686,962.93","529,041.85","2,355,500.59","681,567.11","754,092.46","935,649.17","7,685.47","282,035.00","426,902.22","369,161.95","203,518.18","317,918.53","398,610.70","55,285.03","668,473.45","149,568.53","95,639.75","602,544.56","343,077.93","693,250.95","785,832.78","487,130.36","327,370.31","137,135.10","303,431.81","1,003,070.01","164,102.60","528,209.02","435,177.14","220,231.45","348,464.85","422,887.99","351,375.54","111,853.87","325,914.54","370,538.48","311,438.69","275,346.43","418,884.76","607,646.58","544,487.78","257,816.04","398,150.30","157,625.81","142,823.51","1,202,601.48","1,005,276.25","227,379.33","827,409.34","401,457.91","593,634.03","33,680.91","256,050.57","122,661.57","315,066.65","94,135.14","730,637.51","322,931.71","50,947.56","94,203.73","327,574.30","566,936.21","164,881.64","42,503.01","323,505.69","29,473.56","1,467,915.95","705,038.35","1,156,991.62","424,831.06","246,683.56","179,591.29","460,974.60","407,236.39","43,973.28","574,092.29","330,593.76","27,581.48","429,479.19","228,370.82","334,369.02","332,646.14","528,209.02","63,391.57","424,263.00","158,915.28","111,948.15","333,435.54","45,493.00","344,534.99","163,256.95","851,342.17","435,096.85","480,195.38","390,682.58","18,073.54","140,052.87","418,257.03","429,722.10","723,121.79","50,288.34","35,511.05","354,673.12","527,044.61","319,229.40","170,705.49","263,854.57","346,725.54","731,937.83","570,511.09","425,659.91","94,485.99","682,978.14","438,291.33","166,377.62","338,771.07","672,145.16","322,992.45","49,648.10","61,775.52","437,960.22","273,812.37","310,989.99","546,757.39","843,247.68","738,943.58","885,081.95","317,562.94","36,287.75","89,888.04","215,175.96","603,631.76","366,347.54","2,854,029.09","403,773.27","1,181,941.70","982,472.91","29,510.17","396,462.81","777,108.22","1,280,873.60","48,078.97","422,513.31","62,582.44","156,405.90","430,415.13","332,893.09","71,374.67","347,135.79","548,543.50","212,390.95","449,915.57","297,826.93","1,493,844.20","334,275.97","180,166.89","251,349.50","74,624.78","756,394.30","695,026.58","143,089.30","87,940.76","322,441.30","276,575.97","447,727.03","198,543.40","143,345.23","4,339.91","127,015.44","44,941.62",Land Conversion_Oilseeds - conventional_N/A for LULC_Lost Ecosystem Services
,Land Conversion,"Sugarcane, sugarbeet - conventional",N/A for LULC,Lost Ecosystem Services,/ha,"12,573.76","313,052.78","54,913.59","443,056.77","830,225.14","62,924.83","149,312.80","200,017.61","238,531.66","5,223,272.38","248,021.08","1,168,171.32","1,342,739.82","1,614,982.90","57,939.51","516,497.25","35,602.76","401,055.41","709,355.57","517,697.47","51,593.14","1,014,878.03","239,098.77","238,881.79","382,740.58","196,236.11","282,143.92","195,107.21","663,297.22","440,421.35","39,765.29","134,822.14","318,873.68","318,974.58","206,706.48","580,361.64","2,764,523.00","52,765.91","26,100.17","1,453,785.65","281,044.25","263,779.53","320,969.69","313,551.94","169,121.62","235,282.90","409,674.08","191,041.50","686,962.93","529,041.85","2,355,500.59","681,567.11","754,092.46","935,649.17","7,685.47","282,035.00","426,902.22","369,161.95","203,518.18","317,918.53","398,610.70","55,285.03","668,473.45","149,568.53","95,639.75","602,544.56","343,077.93","693,250.95","785,832.78","487,130.36","327,370.31","137,135.10","303,431.81","1,003,070.01","164,102.60","528,209.02","435,177.14","220,231.45","348,464.85","422,887.99","351,375.54","111,853.87","325,914.54","370,538.48","311,438.69","275,346.43","418,884.76","607,646.58","544,487.78","257,816.04","398,150.30","157,625.81","142,823.51","1,202,601.48","1,005,276.25","227,379.33","827,409.34","401,457.91","593,634.03","33,680.91","256,050.57","122,661.57","315,066.65","94,135.14","730,637.51","322,931.71","50,947.56","94,203.73","327,574.30","566,936.21","164,881.64","42,503.01","323,505.69","29,473.56","1,467,915.95","705,038.35","1,156,991.62","424,831.06","246,683.56","179,591.29","460,974.60","407,236.39","43,973.28","574,092.29","330,593.76","27,581.48","429,479.19","228,370.82","334,369.02","332,646.14","528,209.02","63,391.57","424,263.00","158,915.28","111,948.15","333,435.54","45,493.00","344,534.99","163,256.95","851,342.17","435,096.85","480,195.38","390,682.58","18,073.54","140,052.87","418,257.03","429,722.10","723,121.79","50,288.34","35,511.05","354,673.12","527,044.61","319,229.40","170,705.49","263,854.57","346,725.54","731,937.83","570,511.09","425,659.91","94,485.99","682,978.14","438,291.33","166,377.62","338,771.07","672,145.16","322,992.45","49,648.10","61,775.52","437,960.22","273,812.37","310,989.99","546,757.39","843,247.68","738,943.58","885,081.95","317,562.94","36,287.75","89,888.04","215,175.96","603,631.76","366,347.54","2,854,029.09","403,773.27","1,181,941.70","982,472.91","29,510.17","396,462.81","777,108.22","1,280,873.60","48,078.97","422,513.31","62,582.44","156,405.90","430,415.13","332,893.09","71,374.67","347,135.79","548,543.50","212,390.95","449,915.57","297,826.93","1,493,844.20","334,275.97","180,166.89","251,349.50","74,624.78","756,394.30","695,026.58","143,089.30","87,940.76","322,441.30","276,575.97","447,727.03","198,543.40","143,345.23","4,339.91","127,015.44","44,941.62","Land Conversion_Sugarcane, sugarbeet - conventional_N/A for LULC_Lost Ecosystem Services"
,Land Conversion,Plant-based fibers - conventional,N/A for LULC,Lost Ecosystem Services,/ha,"12,573.76","313,052.78","54,913.59","443,056.77","830,225.14","62,924.83","149,312.80","200,017.61","238,531.66","5,223,272.38","248,021.08","1,168,171.32","1,342,739.82","1,614,982.90","57,939.51","516,497.25","35,602.76","401,055.41","709,355.57","517,697.47","51,593.14","1,014,878.03","239,098.77","238,881.79","382,740.58","196,236.11","282,143.92","195,107.21","663,297.22","440,421.35","39,765.29","134,822.14","318,873.68","318,974.58","206,706.48","580,361.64","2,764,523.00","52,765.91","26,100.17","1,453,785.65","281,044.25","263,779.53","320,969.69","313,551.94","169,121.62","235,282.90","409,674.08","191,041.50","686,962.93","529,041.85","2,355,500.59","681,567.11","754,092.46","935,649.17","7,685.47","282,035.00","426,902.22","369,161.95","203,518.18","317,918.53","398,610.70","55,285.03","668,473.45","149,568.53","95,639.75","602,544.56","343,077.93","693,250.95","785,832.78","487,130.36","327,370.31","137,135.10","303,431.81","1,003,070.01","164,102.60","528,209.02","435,177.14","220,231.45","348,464.85","422,887.99","351,375.54","111,853.87","325,914.54","370,538.48","311,438.69","275,346.43","418,884.76","607,646.58","544,487.78","257,816.04","398,150.30","157,625.81","142,823.51","1,202,601.48","1,005,276.25","227,379.33","827,409.34","401,457.91","593,634.03","33,680.91","256,050.57","122,661.57","315,066.65","94,135.14","730,637.51","322,931.71","50,947.56","94,203.73","327,574.30","566,936.21","164,881.64","42,503.01","323,505.69","29,473.56","1,467,915.95","705,038.35","1,156,991.62","424,831.06","246,683.56","179,591.29","460,974.60","407,236.39","43,973.28","574,092.29","330,593.76","27,581.48","429,479.19","228,370.82","334,369.02","332,646.14","528,209.02","63,391.57","424,263.00","158,915.28","111,948.15","333,435.54","45,493.00","344,534.99","163,256.95","851,342.17","435,096.85","480,195.38","390,682.58","18,073.54","140,052.87","418,257.03","429,722.10","723,121.79","50,288.34","35,511.05","354,673.12","527,044.61","319,229.40","170,705.49","263,854.57","346,725.54","731,937.83","570,511.09","425,659.91","94,485.99","682,978.14","438,291.33","166,377.62","338,771.07","672,145.16","322,992.45","49,648.10","61,775.52","437,960.22","273,812.37","310,989.99","546,757.39","843,247.68","738,943.58","885,081.95","317,562.94","36,287.75","89,888.04","215,175.96","603,631.76","366,347.54","2,854,029.09","403,773.27","1,181,941.70","982,472.91","29,510.17","396,462.81","777,108.22","1,280,873.60","48,078.97","422,513.31","62,582.44","156,405.90","430,415.13","332,893.09","71,374.67","347,135.79","548,543.50","212,390.95","449,915.57","297,826.93","1,493,844.20","334,275.97","180,166.89","251,349.50","74,624.78","756,394.30","695,026.58","143,089.30","87,940.76","322,441.30","276,575.97","447,727.03","198,543.40","143,345.23","4,339.91","127,015.44","44,941.62",Land Conversion_Plant-based fibers - conventional_N/A for LULC_Lost Ecosystem Services
,Land Conversion,Other crops - conventional,N/A for LULC,Lost Ecosystem Services,/ha,"12,573.76","313,052.78","54,913.59","443,056.77","830,225.14","62,924.83","149,312.80","200,017.61","238,531.66","5,223,272.38","248,021.08","1,168,171.32","1,342,739.82","1,614,982.90","57,939.51","516,497.25","35,602.76","401,055.41","709,355.57","517,697.47","51,593.14","1,014,878.03","239,098.77","238,881.79","382,740.58","196,236.11","282,143.92","195,107.21","663,297.22","440,421.35","39,765.29","134,822.14","318,873.68","318,974.58","206,706.48","580,361.64","2,764,523.00","52,765.91","26,100.17","1,453,785.65","281,044.25","263,779.53","320,969.69","313,551.94","169,121.62","235,282.90","409,674.08","191,041.50","686,962.93","529,041.85","2,355,500.59","681,567.11","754,092.46","935,649.17","7,685.47","282,035.00","426,902.22","369,161.95","203,518.18","317,918.53","398,610.70","55,285.03","668,473.45","149,568.53","95,639.75","602,544.56","343,077.93","693,250.95","785,832.78","487,130.36","327,370.31","137,135.10","303,431.81","1,003,070.01","164,102.60","528,209.02","435,177.14","220,231.45","348,464.85","422,887.99","351,375.54","111,853.87","325,914.54","370,538.48","311,438.69","275,346.43","418,884.76","607,646.58","544,487.78","257,816.04","398,150.30","157,625.81","142,823.51","1,202,601.48","1,005,276.25","227,379.33","827,409.34","401,457.91","593,634.03","33,680.91","256,050.57","122,661.57","315,066.65","94,135.14","730,637.51","322,931.71","50,947.56","94,203.73","327,574.30","566,936.21","164,881.64","42,503.01","323,505.69","29,473.56","1,467,915.95","705,038.35","1,156,991.62","424,831.06","246,683.56","179,591.29","460,974.60","407,236.39","43,973.28","574,092.29","330,593.76","27,581.48","429,479.19","228,370.82","334,369.02","332,646.14","528,209.02","63,391.57","424,263.00","158,915.28","111,948.15","333,435.54","45,493.00","344,534.99","163,256.95","851,342.17","435,096.85","480,195.38","390,682.58","18,073.54","140,052.87","418,257.03","429,722.10","723,121.79","50,288.34","35,511.05","354,673.12","527,044.61","319,229.40","170,705.49","263,854.57","346,725.54","731,937.83","570,511.09","425,659.91","94,485.99","682,978.14","438,291.33","166,377.62","338,771.07","672,145.16","322,992.45","49,648.10","61,775.52","437,960.22","273,812.37","310,989.99","546,757.39","843,247.68","738,943.58","885,081.95","317,562.94","36,287.75","89,888.04","215,175.96","603,631.76","366,347.54","2,854,029.09","403,773.27","1,181,941.70","982,472.91","29,510.17","396,462.81","777,108.22","1,280,873.60","48,078.97","422,513.31","62,582.44","156,405.90","430,415.13","332,893.09","71,374.67","347,135.79","548,543.50","212,390.95","449,915.57","297,826.93","1,493,844.20","334,275.97","180,166.89","251,349.50","74,624.78","756,394.30","695,026.58","143,089.30","87,940.76","322,441.30","276,575.97","447,727.03","198,543.40","143,345.23","4,339.91","127,015.44","44,941.62",Land Conversion_Other crops - conventional_N/A for LULC_Lost Ecosystem Services
,Land Conversion,Other crops - organic,N/A for LULC,Lost Ecosystem Services,/ha,"11,640.73","281,337.17","50,510.70","414,867.31","732,720.23","58,491.35","142,289.54","183,054.72","215,328.96","4,867,885.35","231,864.37","1,029,429.01","1,145,240.71","1,496,846.16","56,689.48","479,224.75","34,669.13","353,915.77","624,996.22","479,992.51","47,941.84","892,066.31","220,427.03","220,821.23","337,374.97","174,956.42","261,826.66","185,919.20","620,591.09","388,703.19","36,666.91","123,763.39","299,719.27","298,760.79","192,998.69","513,981.03","2,574,677.49","48,701.27","23,628.54","1,278,638.21","256,638.37","241,056.04","299,325.65","291,214.24","157,499.89","220,266.40","381,482.03","179,556.88","607,488.70","486,737.73","2,189,290.71","614,190.36","664,909.11","822,863.77","7,371.87","263,614.09","394,589.77","341,731.38","178,180.30","296,238.55","371,513.52","51,349.23","588,194.52","140,701.51","89,134.00","568,652.54","320,405.48","606,227.13","692,812.67","456,573.64","307,241.29","126,499.69","269,586.73","882,852.46","153,955.71","481,392.62","390,687.52","209,288.18","325,797.69","395,657.73","325,155.86","104,270.56","300,639.35","346,591.09","290,199.40","255,353.57","394,241.26","534,331.41","479,202.70","239,963.83","370,966.61","140,900.19","126,030.41","1,032,781.54","883,649.84","208,653.75","739,144.91","374,407.11","521,840.31","31,425.55","228,426.46","113,282.62","296,130.45","86,825.44","658,922.35","289,231.02","49,827.82","84,803.16","306,610.48","499,402.30","148,771.68","38,933.50","301,678.55","27,841.32","1,289,834.40","620,352.70","1,018,194.97","399,888.21","230,561.87","157,827.38","430,169.54","381,081.74","39,521.18","523,048.97","309,024.60","25,512.55","401,701.73","211,961.37","312,348.66","296,065.87","481,392.62","59,209.02","374,955.61","145,876.55","102,707.71","310,700.53","41,853.43","321,812.15","151,694.87","749,046.65","406,122.96","429,539.19","358,834.99","16,453.12","130,192.77","372,954.29","402,277.16","653,092.46","48,671.65","33,017.46","331,529.99","491,070.18","296,692.11","158,527.81","245,555.50","323,562.60","644,522.31","514,079.29","396,880.86","92,554.97","605,960.68","388,789.97","155,795.79","316,168.04","591,642.51","302,270.80","48,552.57","57,449.08","386,599.88","257,162.52","288,097.92","512,965.23","781,811.26","651,121.46","779,519.82","296,173.52","33,363.93","84,313.34","191,017.20","544,681.51","343,001.57","2,641,213.77","377,960.82","1,096,529.12","908,335.36","27,376.57","369,541.35","677,247.35","1,132,561.80","44,224.19","392,035.82","58,409.58","141,315.38","403,530.24","312,918.25","66,501.02","324,289.81","511,557.70","187,123.02","409,054.05","259,481.49","1,385,272.82","312,114.63","161,048.97","225,979.51","73,048.87","664,988.94","619,905.66","132,590.86","78,661.58","300,855.02","258,007.87","416,838.50","187,438.88","131,764.81","4,088.62","112,949.17","41,524.97",Land Conversion_Other crops - organic_N/A for LULC_Lost Ecosystem Services
,Land Conversion,Other crops - sustainable,N/A for LULC,Lost Ecosystem Services,/ha,"10,870.67","256,242.66","47,247.88","399,873.36","670,067.55","54,993.20","137,230.20","170,668.17","200,357.63","4,606,437.19","220,077.90","942,240.96","999,950.52","1,412,926.49","55,769.87","449,885.88","34,139.69","325,136.86","573,494.55","458,750.27","45,255.69","817,089.36","201,868.99","207,997.18","309,472.77","159,301.56","248,845.36","180,500.55","597,875.73","356,558.11","34,387.52","115,216.83","285,621.55","284,847.37","183,612.98","466,986.93","2,435,013.53","45,721.04","21,810.23","1,169,389.92","237,175.98","222,214.65","287,189.89","279,084.18","150,051.70","210,736.34","365,235.11","171,240.44","556,774.16","457,653.57","2,067,014.83","551,967.16","610,454.80","754,007.91","7,141.16","253,816.01","375,016.33","324,467.16","159,539.95","280,238.21","356,777.06","48,453.94","539,183.96","133,024.57","84,137.75","543,797.64","308,339.87","553,083.94","634,252.95","440,289.89","293,165.47","118,675.53","248,410.41","809,449.37","146,589.23","434,777.52","351,684.03","198,407.02","313,722.22","381,173.97","308,889.82","98,957.67","282,165.61","333,709.79","276,514.38","242,448.28","369,703.73","489,571.30","422,892.17","225,813.48","356,234.19","128,039.70","113,288.23","929,105.91","809,396.52","193,691.14","672,913.75","358,924.49","478,017.21","29,757.32","208,451.40","106,447.42","282,199.63","79,611.88","595,922.44","264,882.23","49,004.06","77,100.10","290,685.74","458,171.68","132,731.00","35,795.78","289,766.48","26,639.25","1,180,972.39","568,647.18","933,459.16","375,052.61","218,553.76","139,513.08","413,768.09","367,170.10","36,245.90","472,225.11","296,860.77","23,990.50","386,560.10","199,555.55","300,636.04","273,522.66","434,777.52","55,919.14","343,882.32","135,571.93","95,737.73","293,404.81","39,175.91","309,725.88","140,196.67","686,594.90","388,876.99","397,435.09","339,916.75","15,261.02","123,144.49","343,526.57","387,679.22","608,300.55","47,482.29","31,170.89","319,220.17","471,112.74","284,413.10","150,363.51","233,763.46","310,976.48","591,153.66","457,964.51","380,889.23","91,134.36","558,085.39","354,531.69","147,397.00","304,103.83","542,495.38","289,374.84","47,746.62","54,266.25","355,193.79","247,818.86","275,113.30","494,991.20","743,844.74","597,465.32","715,023.64","284,789.70","31,212.97","80,098.03","173,237.17","497,971.65","328,354.55","2,516,640.06","364,231.20","1,043,745.79","868,901.65","25,806.73","355,221.85","615,733.59","1,035,040.15","41,259.77","370,377.41","54,694.49","129,974.35","384,827.93","298,248.95","62,915.61","312,138.05","491,771.89","168,099.93","374,487.09","231,204.46","1,306,119.78","300,327.02","147,856.29","210,043.00","71,889.52","609,164.38","568,806.42","126,181.53","71,636.28","289,357.98","246,424.50","393,526.63","179,571.87","121,529.98","3,903.73","100,853.69","38,794.73",Land Conversion_Other crops - sustainable_N/A for LULC_Lost Ecosystem Services
,Land Conversion,"Bovine, sheep, goats, horses - conventional",N/A for LULC,Lost Ecosystem Services,/ha,"14,200.25","309,451.54","51,372.06","403,721.85","793,998.19","69,534.75","143,612.17","194,651.81","239,258.38","4,771,577.73","251,266.02","1,107,663.16","811,496.93","1,467,282.43","59,920.65","494,443.80","35,799.21","382,400.99","669,968.64","463,959.43","57,023.63","964,407.84","241,559.79","218,897.96","369,271.11","150,448.93","254,910.83","185,695.74","599,993.76","423,636.20","44,909.40","128,744.78","300,920.98","302,498.14","193,178.15","554,418.14","2,526,254.09","54,141.94","27,650.51","1,384,638.46","273,990.64","261,527.91","295,314.02","290,948.13","157,661.33","218,868.83","376,446.02","183,613.80","649,902.92","450,619.17","2,146,215.72","724,013.26","708,334.26","887,722.75","8,199.49","256,557.61","383,162.05","336,604.76","128,591.62","293,039.27","360,439.65","57,568.27","636,996.07","161,687.89","97,742.92","670,338.70","311,144.52","684,575.22","749,455.66","443,817.57","305,758.11","131,966.54","291,617.36","946,447.74","161,056.06","529,281.84","462,547.56","252,545.64","317,282.07","386,090.93","325,365.85","110,068.66","300,876.33","336,528.41","288,304.83","255,251.36","420,028.71","582,565.27","636,355.69","251,194.96","360,999.54","136,770.69","105,976.33","1,286,424.46","955,294.12","224,861.37","805,372.30","364,438.49","571,471.19","34,485.37","195,843.44","117,067.15","296,859.31","98,341.40","727,361.09","312,211.39","52,724.58","95,767.01","309,454.49","539,354.79","190,818.53","51,563.40","292,830.15","28,877.56","1,391,362.98","671,085.67","1,089,893.09","425,984.61","233,191.43","161,004.96","416,823.99","370,210.55","42,023.89","575,253.12","300,651.33","28,691.49","394,386.77","221,139.97","302,073.61","321,909.12","529,281.84","66,911.37","406,422.47","153,288.93","108,477.88","320,696.62","42,839.61","312,413.78","167,059.59","807,203.13","406,045.54","469,128.69","331,076.78","20,010.57","135,857.28","397,753.13","391,332.82","748,150.42","52,906.34","33,623.75","320,865.66","477,270.95","291,347.24","172,242.51","246,319.56","316,017.99","693,030.76","624,226.20","388,986.97","97,534.07","648,733.25","428,798.48","164,256.41","307,595.59","639,095.91","297,031.55","51,387.17","66,904.57","415,787.30","252,557.68","281,480.64","498,825.79","756,669.58","697,164.27","834,122.94","288,369.34","38,741.45","93,608.61","181,442.62","598,952.82","344,869.22","2,542,261.98","367,362.90","1,060,086.02","868,807.43","32,972.92","357,463.87","741,816.63","1,217,357.40","51,266.14","411,904.10","72,878.70","138,804.46","403,697.35","312,899.03","73,928.75","314,683.63","496,127.46","188,225.67","442,976.58","188,202.40","1,359,191.60","302,957.24","148,886.30","246,972.03","77,118.32","722,230.13","644,874.25","159,378.71","70,841.90","292,231.40","253,553.90","427,297.55","190,799.19","139,525.17","4,756.51","119,558.27","51,807.62","Land Conversion_Bovine, sheep, goats, horses - conventional_N/A for LULC_Lost Ecosystem Services"
,Land Conversion,"Bovine, sheep, goats, horses - organic",N/A for LULC,Lost Ecosystem Services,/ha,"13,676.30","294,520.62","48,779.40","389,207.82","754,109.59","67,003.84","139,504.72","185,934.39","229,177.99","4,561,336.54","242,047.72","1,051,685.91","703,009.83","1,398,706.86","59,181.15","474,943.40","35,308.82","363,714.36","636,527.74","444,199.73","54,863.59","915,724.04","231,109.65","208,949.60","351,206.91","137,860.22","244,079.92","180,800.34","578,005.48","402,744.94","43,076.45","122,376.88","289,592.86","290,955.77","185,415.49","525,430.35","2,413,944.58","51,741.80","26,188.33","1,314,296.48","261,255.75","249,519.89","284,458.72","279,798.61","151,319.58","210,620.28","362,195.81","176,878.23","617,531.32","426,497.74","2,047,888.66","686,534.71","672,970.63","843,013.47","8,013.97","247,073.16","366,405.17","322,896.59","113,602.14","280,244.16","346,452.39","55,241.16","605,172.69","156,740.39","94,035.26","655,212.06","299,487.80","650,072.28","711,850.91","428,123.22","294,169.67","125,674.80","277,808.25","898,783.78","155,096.81","503,072.37","439,075.66","246,423.70","305,606.28","372,070.77","312,146.77","105,698.66","285,977.36","324,168.87","276,726.01","244,545.40","406,232.41","553,501.09","603,618.97","241,173.53","347,158.79","127,150.17","96,219.59","1,219,106.12","907,080.18","214,220.25","764,641.94","350,228.97","543,004.60","33,155.75","180,275.54","111,739.82","285,656.97","94,277.81","690,903.60","297,083.91","52,062.16","90,898.18","298,302.40","512,583.30","181,799.62","49,732.62","281,507.60","27,912.61","1,320,713.87","637,513.60","1,034,872.70","412,020.73","224,476.31","148,805.52","401,005.49","356,744.20","39,390.10","546,677.28","289,343.62","27,467.55","380,124.37","211,874.11","290,735.90","307,115.87","503,072.37","64,521.85","386,494.05","145,850.16","103,092.24","308,655.97","40,686.51","300,714.37","160,587.93","766,652.15","391,727.10","448,545.66","314,080.90","19,051.96","130,120.64","377,857.39","377,202.13","719,583.99","51,949.94","32,187.66","308,949.86","458,757.28","280,350.70","166,078.35","237,126.20","304,123.70","658,377.90","592,639.88","373,980.04","96,391.71","617,026.12","407,415.49","158,258.70","296,069.49","607,183.84","285,860.78","50,739.08","64,345.12","395,401.45","243,843.36","269,456.82","481,427.08","723,406.45","662,334.77","792,257.44","277,374.95","37,011.77","90,502.02","167,154.40","567,638.39","332,176.56","2,429,194.40","354,072.74","1,013,841.63","830,635.93","31,710.83","343,602.70","702,015.86","1,155,790.71","49,041.39","398,202.96","70,555.86","130,077.43","388,381.97","301,259.74","71,045.58","302,920.82","477,053.87","173,483.21","421,504.24","165,552.69","1,295,281.40","291,546.93","138,051.20","236,286.07","76,186.04","685,987.80","610,735.77","155,217.02","65,444.47","281,158.63","243,523.14","411,090.59","184,362.46","133,075.76","4,607.87","111,701.71","49,866.09","Land Conversion_Bovine, sheep, goats, horses - organic_N/A for LULC_Lost Ecosystem Services"
,Land Conversion,"Bovine, sheep, goats, horses - sustainable",N/A for LULC,Lost Ecosystem Services,/ha,"13,521.12","288,548.26","48,190.85","385,982.49","738,154.15","66,328.01","138,591.96","183,312.39","225,551.18","4,514,616.28","239,844.07","1,029,295.02","674,437.52","1,383,467.85","59,016.82","468,641.47","35,199.84","356,239.70","623,151.38","439,808.44","54,383.58","896,250.52","226,939.25","206,452.74","343,981.23","135,062.72","241,495.48","179,712.47","573,119.20","394,506.73","42,669.13","120,759.44","287,072.14","288,390.41","183,667.04","513,882.38","2,388,986.91","51,208.44","25,863.40","1,286,159.69","257,063.39","245,444.39","281,832.77","277,136.24","149,874.74","208,787.27","358,731.02","175,381.43","604,582.68","421,126.34","2,026,038.21","673,058.81","658,830.50","825,129.76","7,972.74","244,965.50","362,378.92","319,203.30","110,271.15","277,371.73","343,320.43","54,723.41","592,443.34","155,142.12","93,079.49","649,161.40","296,889.50","636,271.11","696,832.98","424,615.43","291,594.47","124,276.64","272,421.03","879,721.50","153,772.53","492,588.59","430,388.86","243,976.70","303,011.67","368,955.18","308,691.52","104,727.51","282,666.48","321,418.17","274,070.06","241,982.94","400,713.90","541,876.08","590,524.29","238,373.80","343,981.61","124,718.54","93,855.58","1,192,178.78","887,794.60","211,295.42","748,886.25","347,050.95","531,624.54","32,855.55","176,493.60","110,453.62","283,167.56","92,652.37","676,320.60","291,212.51","51,914.95","89,205.42","294,992.82","501,874.70","178,192.05","49,012.45","278,991.47","27,697.50","1,292,454.23","624,084.77","1,012,864.54","406,435.18","222,049.73","145,069.74","397,470.18","353,751.67","38,804.81","535,246.94","286,830.80","27,195.56","376,892.84","209,486.75","288,216.41","301,347.96","492,588.59","63,887.81","378,522.68","143,856.27","101,807.85","305,040.33","40,208.04","298,114.50","158,003.40","750,431.76","387,995.08","440,339.58","310,294.38","18,838.93","128,842.57","370,789.00","374,061.98","708,157.61","51,737.40","31,844.63","306,301.90","454,533.93","277,603.04","164,357.50","234,607.69","301,433.05","644,516.76","580,027.18","370,642.18","96,137.85","604,942.52","398,964.47","156,616.98","293,455.06","594,419.02","283,320.98","50,595.06","63,776.36","387,251.64","241,906.84","266,784.31","477,560.70","715,969.50","648,403.05","775,511.24","274,923.01","36,627.40","89,678.67","163,975.48","557,798.21","329,324.28","2,404,068.27","351,119.37","1,003,502.33","822,153.37","31,430.25","340,522.45","686,095.60","1,131,164.03","48,483.28","393,002.29","69,768.39","127,968.17","384,914.23","298,582.38","70,404.87","300,306.87","472,815.30","169,985.51","413,910.00","160,483.97","1,281,079.13","289,011.31","135,593.41","232,334.88","75,978.87","671,490.87","598,734.47","153,552.34","64,144.34","278,678.38","241,249.66","406,178.07","182,932.07","130,916.28","4,574.82","109,195.71","49,332.37","Land Conversion_Bovine, sheep, goats, horses - sustainable_N/A for LULC_Lost Ecosystem Services"
,Land Conversion,Cashmere - conventional,N/A for LULC,Lost Ecosystem Services,/ha,"14,724.20","324,382.45","53,964.72","418,235.87","833,886.79","72,065.66","147,719.61","203,369.23","249,338.77","4,981,818.92","260,484.31","1,163,640.40","919,984.04","1,535,858.00","60,660.14","513,944.20","36,289.60","401,087.62","703,409.54","483,719.13","59,183.68","1,013,091.65","252,009.93","228,846.32","387,335.31","163,037.65","265,741.75","190,591.15","621,982.04","444,527.46","46,742.35","135,112.68","312,249.10","314,040.52","200,940.82","583,405.93","2,638,563.61","56,542.07","29,112.68","1,454,980.44","286,725.54","273,535.93","306,169.32","302,097.64","164,003.09","227,117.38","390,696.23","190,349.38","682,274.53","474,740.61","2,244,542.78","761,491.80","743,697.90","932,432.02","8,385.01","266,042.07","399,918.93","350,312.93","143,581.09","305,834.38","374,426.91","59,895.38","668,819.45","166,635.38","101,450.59","685,465.34","322,801.25","719,078.15","787,060.42","459,511.92","317,346.55","138,258.27","305,426.46","994,111.70","167,015.32","555,491.30","486,019.47","258,667.58","328,957.86","400,111.08","338,584.93","114,438.65","315,775.29","348,887.95","299,883.65","265,957.33","433,825.00","611,629.46","669,092.40","261,216.40","374,840.29","146,391.22","115,733.07","1,353,742.80","1,003,508.06","235,502.48","846,102.66","378,648.01","599,937.79","35,814.99","211,411.33","122,394.48","308,061.66","102,405.00","763,818.58","327,338.87","53,387.00","100,635.84","320,606.57","566,126.29","199,837.45","53,394.19","304,152.71","29,842.51","1,462,012.09","704,657.73","1,144,913.49","439,948.50","241,906.55","173,204.40","432,642.49","383,676.90","44,657.68","603,828.97","311,959.04","29,915.43","408,649.17","230,405.83","313,411.33","336,702.37","555,491.30","69,300.90","426,350.90","160,727.70","113,863.51","332,737.26","44,992.72","324,113.18","173,531.24","847,754.11","420,363.99","489,711.72","348,072.66","20,969.19","141,593.93","417,648.87","405,463.51","776,716.85","53,862.75","35,059.85","332,781.46","495,784.63","302,343.78","178,406.67","255,512.92","327,912.28","727,683.62","655,812.53","403,993.90","98,676.44","680,440.38","450,181.48","170,254.12","319,121.69","671,007.97","308,202.33","52,035.27","69,464.02","436,173.15","261,272.01","293,504.46","516,224.50","789,932.70","731,993.78","875,988.45","299,363.73","40,471.13","96,715.19","195,730.85","630,267.26","357,561.88","2,655,329.56","380,653.06","1,106,330.40","906,978.94","34,235.01","371,325.03","781,617.40","1,278,924.09","53,490.89","425,605.24","75,201.54","147,531.49","419,012.72","324,538.31","76,811.92","326,446.44","515,201.05","202,968.13","464,448.93","210,852.11","1,423,101.79","314,367.54","159,721.39","257,657.99","78,050.61","758,472.46","679,012.72","163,540.40","76,239.33","303,304.18","263,584.67","443,504.50","197,235.93","145,974.58","4,905.14","127,414.84","53,749.15",Land Conversion_Cashmere - conventional_N/A for LULC_Lost Ecosystem Services
,Land Conversion,Cashmere - organic,N/A for LULC,Lost Ecosystem Services,/ha,"13,676.30","294,520.62","48,779.40","389,207.82","754,109.59","67,003.84","139,504.72","185,934.39","229,177.99","4,561,336.54","242,047.72","1,051,685.91","703,009.83","1,398,706.86","59,181.15","474,943.40","35,308.82","363,714.36","636,527.74","444,199.73","54,863.59","915,724.04","231,109.65","208,949.60","351,206.91","137,860.22","244,079.92","180,800.34","578,005.48","402,744.94","43,076.45","122,376.88","289,592.86","290,955.77","185,415.49","525,430.35","2,413,944.58","51,741.80","26,188.33","1,314,296.48","261,255.75","249,519.89","284,458.72","279,798.61","151,319.58","210,620.28","362,195.81","176,878.23","617,531.32","426,497.74","2,047,888.66","686,534.71","672,970.63","843,013.47","8,013.97","247,073.16","366,405.17","322,896.59","113,602.14","280,244.16","346,452.39","55,241.16","605,172.69","156,740.39","94,035.26","655,212.06","299,487.80","650,072.28","711,850.91","428,123.22","294,169.67","125,674.80","277,808.25","898,783.78","155,096.81","503,072.37","439,075.66","246,423.70","305,606.28","372,070.77","312,146.77","105,698.66","285,977.36","324,168.87","276,726.01","244,545.40","406,232.41","553,501.09","603,618.97","241,173.53","347,158.79","127,150.17","96,219.59","1,219,106.12","907,080.18","214,220.25","764,641.94","350,228.97","543,004.60","33,155.75","180,275.54","111,739.82","285,656.97","94,277.81","690,903.60","297,083.91","52,062.16","90,898.18","298,302.40","512,583.30","181,799.62","49,732.62","281,507.60","27,912.61","1,320,713.87","637,513.60","1,034,872.70","412,020.73","224,476.31","148,805.52","401,005.49","356,744.20","39,390.10","546,677.28","289,343.62","27,467.55","380,124.37","211,874.11","290,735.90","307,115.87","503,072.37","64,521.85","386,494.05","145,850.16","103,092.24","308,655.97","40,686.51","300,714.37","160,587.93","766,652.15","391,727.10","448,545.66","314,080.90","19,051.96","130,120.64","377,857.39","377,202.13","719,583.99","51,949.94","32,187.66","308,949.86","458,757.28","280,350.70","166,078.35","237,126.20","304,123.70","658,377.90","592,639.88","373,980.04","96,391.71","617,026.12","407,415.49","158,258.70","296,069.49","607,183.84","285,860.78","50,739.08","64,345.12","395,401.45","243,843.36","269,456.82","481,427.08","723,406.45","662,334.77","792,257.44","277,374.95","37,011.77","90,502.02","167,154.40","567,638.39","332,176.56","2,429,194.40","354,072.74","1,013,841.63","830,635.93","31,710.83","343,602.70","702,015.86","1,155,790.71","49,041.39","398,202.96","70,555.86","130,077.43","388,381.97","301,259.74","71,045.58","302,920.82","477,053.87","173,483.21","421,504.24","165,552.69","1,295,281.40","291,546.93","138,051.20","236,286.07","76,186.04","685,987.80","610,735.77","155,217.02","65,444.47","281,158.63","243,523.14","411,090.59","184,362.46","133,075.76","4,607.87","111,701.71","49,866.09",Land Conversion_Cashmere - organic_N/A for LULC_Lost Ecosystem Services
,Land Conversion,Cashmere - sustainable,N/A for LULC,Lost Ecosystem Services,/ha,"13,521.12","288,548.26","48,190.85","385,982.49","738,154.15","66,328.01","138,591.96","183,312.39","225,551.18","4,514,616.28","239,844.07","1,029,295.02","674,437.52","1,383,467.85","59,016.82","468,641.47","35,199.84","356,239.70","623,151.38","439,808.44","54,383.58","896,250.52","226,939.25","206,452.74","343,981.23","135,062.72","241,495.48","179,712.47","573,119.20","394,506.73","42,669.13","120,759.44","287,072.14","288,390.41","183,667.04","513,882.38","2,388,986.91","51,208.44","25,863.40","1,286,159.69","257,063.39","245,444.39","281,832.77","277,136.24","149,874.74","208,787.27","358,731.02","175,381.43","604,582.68","421,126.34","2,026,038.21","673,058.81","658,830.50","825,129.76","7,972.74","244,965.50","362,378.92","319,203.30","110,271.15","277,371.73","343,320.43","54,723.41","592,443.34","155,142.12","93,079.49","649,161.40","296,889.50","636,271.11","696,832.98","424,615.43","291,594.47","124,276.64","272,421.03","879,721.50","153,772.53","492,588.59","430,388.86","243,976.70","303,011.67","368,955.18","308,691.52","104,727.51","282,666.48","321,418.17","274,070.06","241,982.94","400,713.90","541,876.08","590,524.29","238,373.80","343,981.61","124,718.54","93,855.58","1,192,178.78","887,794.60","211,295.42","748,886.25","347,050.95","531,624.54","32,855.55","176,493.60","110,453.62","283,167.56","92,652.37","676,320.60","291,212.51","51,914.95","89,205.42","294,992.82","501,874.70","178,192.05","49,012.45","278,991.47","27,697.50","1,292,454.23","624,084.77","1,012,864.54","406,435.18","222,049.73","145,069.74","397,470.18","353,751.67","38,804.81","535,246.94","286,830.80","27,195.56","376,892.84","209,486.75","288,216.41","301,347.96","492,588.59","63,887.81","378,522.68","143,856.27","101,807.85","305,040.33","40,208.04","298,114.50","158,003.40","750,431.76","387,995.08","440,339.58","310,294.38","18,838.93","128,842.57","370,789.00","374,061.98","708,157.61","51,737.40","31,844.63","306,301.90","454,533.93","277,603.04","164,357.50","234,607.69","301,433.05","644,516.76","580,027.18","370,642.18","96,137.85","604,942.52","398,964.47","156,616.98","293,455.06","594,419.02","283,320.98","50,595.06","63,776.36","387,251.64","241,906.84","266,784.31","477,560.70","715,969.50","648,403.05","775,511.24","274,923.01","36,627.40","89,678.67","163,975.48","557,798.21","329,324.28","2,404,068.27","351,119.37","1,003,502.33","822,153.37","31,430.25","340,522.45","686,095.60","1,131,164.03","48,483.28","393,002.29","69,768.39","127,968.17","384,914.23","298,582.38","70,404.87","300,306.87","472,815.30","169,985.51","413,910.00","160,483.97","1,281,079.13","289,011.31","135,593.41","232,334.88","75,978.87","671,490.87","598,734.47","153,552.34","64,144.34","278,678.38","241,249.66","406,178.07","182,932.07","130,916.28","4,574.82","109,195.71","49,332.37",Land Conversion_Cashmere - sustainable_N/A for LULC_Lost Ecosystem Services
,Land Conversion,Forestry,N/A for LULC,Lost Ecosystem Services,/ha,"1,441.78","205,894.57","16,947.12","309,549.26","516,135.74","5,989.61","118,041.53",0.00,"56,802.67","4,053,473.85","114,584.87","777,594.94",0.00,"1,193,942.91","40,896.47","395,676.62","6,320.79","237,490.68","476,288.77","346,056.31","4,232.14","605,985.66","185,370.57","86,270.76","184,149.30",0.00,"114,841.75","122,012.79","492,507.76","224,725.77",0.00,"45,709.70","251,310.13","211,793.25","123,607.52","4,289.37","2,139,621.31","17,598.83",0.00,"878,663.50","189,902.76","84,048.68","212,996.41","100,701.53","94,233.87","162,062.89","277,904.30","133,138.13","496,478.55","209,987.12","1,808,484.17","285,805.18","548,718.60","576,086.46","3,409.78","190,456.03","223,801.70","208,770.64",0.00,"256,248.49","281,855.58","18,223.24","386,298.32","63,762.59","44,007.08",0.00,"247,118.76","131,516.18","483,702.69","365,567.83","252,790.99","73,740.35","168,206.49","675,332.73","97,797.01","413,899.53","143,562.55","65,950.50","232,861.81","266,322.64","236,637.41","49,292.92","218,156.81","276,941.79","200,163.40","178,533.68","358,713.85","313,105.23",0.00,"148,019.49","279,023.68",0.00,0.00,0.00,"600,330.26","130,925.16","542,749.31","294,554.19","280,311.92","14,477.75",0.00,"26,306.68","249,871.53","59,947.55","518,167.96","221,995.70","35,680.87",0.00,"289,938.31","340,815.44","24,884.79",0.00,"237,733.72","15,131.56","910,690.02","414,918.03","795,987.91","363,929.23","203,767.58",0.00,"319,186.52","296,284.52",0.00,"449,462.10","258,712.33",568.31,"260,815.45","145,801.84","268,341.52","160,285.96","413,899.53","24,831.60","252,278.96","104,550.06","32,499.69","246,685.13",0.00,"248,141.34","121,384.33","532,057.59","308,435.34","234,704.30","70,820.06",0.00,"48,917.16","246,183.91","302,125.12","16,484.25","28,246.13","14,675.79","281,730.76","369,785.40","236,663.75","8,430.45","169,150.06","231,791.37","471,219.83","224,738.38","238,416.73","68,158.09","416,359.53","27,685.89","114,636.95","244,360.31","404,117.64","255,442.56","34,711.54","10,067.73","278,653.00","182,348.98","169,540.09","403,184.55","552,066.43","504,647.68","610,730.48","206,387.34","5,756.16","36,855.40",0.00,"305,687.05","210,526.31","1,801,586.73","291,018.62","769,540.88","571,700.89",720.28,"280,363.95",0.00,"908,071.69","11,329.92","327,468.36","5,797.46",0.00,"317,669.76","269,619.14","26,437.43","253,821.89","344,165.79",0.00,"310,063.55",0.00,"1,128,579.24","240,264.29",0.00,"94,005.24","53,138.60","418,470.77",0.00,0.00,0.00,"231,415.94","147,806.62","340,516.35","136,298.09","111,742.68",914.09,0.00,0.00,Land Conversion_Forestry_N/A for LULC_Lost Ecosystem Services
,Land Conversion,Paddy rice,N/A for LULC,Lost Ecosystem Services,/ha,"10,984.10","274,337.51","45,810.55","381,732.34","713,451.13","54,737.52","134,597.44","172,237.68","207,207.36","4,478,239.90","215,964.40","1,002,126.14","979,140.93","1,367,501.22","55,318.96","457,938.56","33,603.80","344,666.63","608,444.31","436,858.40","43,938.58","867,969.78","215,200.75","204,168.19","328,469.63","151,625.42","241,658.78","175,580.65","570,392.67","377,498.73","33,269.86","113,645.91","278,753.06","276,624.26","178,237.18","499,973.80","2,366,531.35","44,245.77","20,918.65","1,244,207.06","243,819.46","229,926.12","277,443.71","267,907.36","145,094.52","203,673.62","353,494.58","166,976.04","591,806.29","440,533.69","2,007,058.63","585,015.73","647,363.38","800,734.47","7,028.04","241,961.43","362,565.00","319,339.08","150,399.92","272,768.19","340,364.14","47,041.14","572,443.22","135,519.51","83,335.34","561,563.22","293,879.90","589,152.18","674,292.18","420,990.12","285,202.43","114,839.06","261,731.60","859,235.48","142,839.03","468,451.44","374,311.16","206,254.01","299,175.85","363,650.23","302,305.23","95,968.33","272,938.82","318,666.80","267,825.19","235,463.61","387,429.21","519,940.52","463,667.14","225,995.73","340,779.04","125,508.28","109,589.51","999,461.66","859,785.87","193,537.65","715,947.74","343,935.45","507,689.59","29,001.36","201,998.50","104,159.86","275,368.85","84,824.95","641,553.36","280,735.51","48,600.14","80,592.78","292,126.56","486,151.65","144,318.50","37,971.36","276,352.28","26,058.62","1,254,891.05","603,736.69","990,962.08","392,993.41","218,081.49","143,489.95","394,276.03","350,338.55","34,639.91","508,939.36","284,357.80","23,244.19","370,354.91","197,358.39","286,465.07","287,563.93","468,451.44","55,632.13","365,248.18","134,903.64","93,462.16","295,369.07","37,863.04","295,102.83","148,470.98","728,975.54","381,035.30","419,319.25","323,198.94","14,676.49","119,430.73","356,238.98","370,017.32","639,265.36","46,899.11","30,546.83","304,326.65","451,173.96","274,901.15","149,555.54","230,909.89","297,274.26","627,370.74","498,333.09","363,805.07","90,437.79","585,544.84","377,884.75","147,214.92","290,431.67","575,847.31","279,952.56","47,351.44","52,705.59","376,481.62","238,082.91","261,985.78","473,244.62","714,150.52","633,888.75","758,806.92","271,168.96","30,158.27","79,623.41","164,568.29","509,566.65","317,565.40","2,401,166.74","347,619.88","1,002,463.11","821,191.22","25,038.47","337,896.83","657,641.74","1,103,072.67","40,632.41","383,228.00","56,253.08","126,514.54","374,788.93","291,975.23","61,157.56","297,435.76","468,213.97","161,663.40","391,467.11","217,804.61","1,266,299.87","286,065.32","140,686.58","218,147.10","71,321.05","647,054.20","590,601.02","130,530.99","69,503.10","275,790.17","237,989.85","396,450.45","175,281.15","125,577.72","3,813.32","104,478.46","38,767.54",Land Conversion_Paddy rice_N/A for LULC_Lost Ecosystem Services
,Land Conversion,Paved,N/A for LULC,Lost Ecosystem Services,/ha,"18,120.33","411,621.85","77,810.53","497,805.10","1,066,296.45","90,759.02","170,350.26","305,272.15","310,298.27","6,253,374.15","315,714.90","1,488,323.78","2,807,337.99","1,944,252.05","65,677.64","629,852.87","40,468.81","510,139.54","897,164.35","597,745.24","73,252.61","1,297,006.79","312,815.47","316,460.54","493,812.33","355,025.77","352,683.81","219,360.01","744,477.14","567,146.34","58,816.16","190,863.87","373,047.61","378,288.12","250,828.05","846,847.76","3,313,125.33","70,877.09","41,948.51","1,865,130.58","359,565.32","374,936.19","366,943.03","369,247.26","202,084.39","272,492.67","471,045.73","227,796.07","869,115.24","707,299.52","2,836,138.44","986,513.20","947,542.20","1,192,749.37","9,617.38","318,211.63","516,031.78","447,158.12","400,236.37","375,246.54","452,100.62","74,001.32","854,734.62","197,735.24","124,126.69","791,297.11","386,001.95","927,191.32","1,006,126.01","544,403.04","380,733.54","176,714.85","386,175.26","1,270,218.80","201,450.10","707,473.82","627,991.56","300,115.02","393,358.13","478,456.56","413,109.70","140,626.42","405,294.46","415,788.87","368,094.02","326,418.01","512,926.77","782,349.81","878,692.62","331,620.41","451,876.63","264,837.01","266,169.57","1,785,816.40","1,284,681.56","296,838.52","1,082,513.71","457,230.28","767,765.05","43,817.71","458,250.61","172,536.10","368,060.80","126,557.16","976,293.71","414,815.15","57,877.86","156,965.58","380,748.12","722,216.72","256,542.04","65,827.62","365,522.39","37,623.16","1,873,187.04","900,605.03","1,463,224.35","520,017.82","289,423.14","340,348.56","521,238.97","456,759.73","73,856.63","769,547.35","372,188.76","41,026.06","489,042.07","283,638.25","373,364.36","423,905.79","707,473.82","84,064.45","542,713.41","202,576.10","158,770.35","401,251.11","70,763.36","387,534.61","211,458.46","1,083,671.54","499,841.80","611,804.48","502,552.49","28,228.32","185,325.33","532,129.69","482,786.92","956,291.48","60,265.42","47,817.97","396,012.51","600,844.44","362,536.44","227,030.38","312,750.31","393,492.41","928,955.76","848,277.74","490,849.51","106,446.61","864,183.94","621,016.57","204,227.13","381,680.39","857,060.89","367,835.93","56,428.26","86,084.69","554,662.91","309,812.83","363,919.43","610,820.92","997,308.86","933,588.49","1,118,153.36","360,067.78","51,197.53","115,880.35","383,144.75","812,031.45","429,874.55","3,353,120.41","452,970.76","1,398,467.86","1,139,344.47","42,533.46","448,158.81","1,092,994.21","1,634,942.69","67,201.04","503,967.99","90,747.01","251,371.48","504,291.16","386,780.92","94,272.04","390,018.44","625,100.12","386,796.67","588,061.86","594,519.03","1,804,007.38","376,208.20","302,651.06","321,248.35","84,382.50","970,649.73","1,004,188.84","193,234.91","156,887.21","363,330.68","330,828.07","537,409.74","234,393.26","182,396.37","5,885.49","228,141.50","66,624.10",Land Conversion_Paved_N/A for LULC_Lost Ecosystem Services